date,predicted_units_sold,real_units_sold
2024-01-02,8,8
2024-01-03,1,1
2024-01-03,2,2
2024-01-03,4,4
2024-01-04,2,2
2024-01-04,4,4
2024-01-05,5,5
2024-01-05,0,0
2024-01-05,14,14
2024-01-05,4,4
2024-01-05,5,5
2024-01-05,4,4
2024-01-06,8,8
2024-01-06,8,8
2024-01-06,13,13
2024-01-06,1,0
2024-01-06,2,2
2024-01-06,0,0
2024-01-06,1,1
2024-01-07,0,0
2024-01-07,7,7
2024-01-07,2,2
2024-01-07,0,0
2024-01-07,4,4
2024-01-08,10,10
2024-01-08,0,0
2024-01-09,5,5
2024-01-10,7,7
2024-01-10,7,7
2024-01-10,4,4
2024-01-10,0,0
2024-01-10,4,4
2024-01-10,5,5
2024-01-11,0,0
2024-01-11,0,0
2024-01-11,0,0
2024-01-11,2,2
2024-01-11,0,0
2024-01-12,1,1
2024-01-12,5,5
2024-01-12,2,2
2024-01-12,9,9
2024-01-13,0,0
2024-01-13,20,19
2024-01-13,12,11
2024-01-13,5,5
2024-01-13,10,10
2024-01-14,5,5
2024-01-14,6,6
2024-01-14,2,2
2024-01-14,2,2
2024-01-15,3,3
2024-01-15,4,4
2024-01-15,2,2
2024-01-16,0,0
2024-01-16,4,4
2024-01-16,1,1
2024-01-16,5,5
2024-01-17,8,8
2024-01-17,0,0
2024-01-17,2,2
2024-01-17,9,9
2024-01-18,1,1
2024-01-18,2,2
2024-01-18,7,7
2024-01-18,0,0
2024-01-18,1,1
2024-01-18,4,4
2024-01-20,9,9
2024-01-20,2,2
2024-01-20,15,15
2024-01-20,6,6
2024-01-21,11,11
2024-01-21,1,1
2024-01-21,10,10
2024-01-21,5,5
2024-01-22,3,3
2024-01-22,1,1
2024-01-22,9,9
2024-01-22,5,5
2024-01-22,2,2
2024-01-23,6,6
2024-01-23,4,4
2024-01-24,3,3
2024-01-24,5,5
2024-01-24,4,4
2024-01-24,2,2
2024-01-25,5,5
2024-01-25,0,0
2024-01-25,2,2
2024-01-25,0,0
2024-01-25,0,0
2024-01-25,0,0
2024-01-25,5,5
2024-01-26,11,11
2024-01-27,1,1
2024-01-27,2,2
2024-01-27,2,2
2024-01-28,12,12
2024-01-28,0,0
2024-01-28,5,5
2024-01-29,3,3
2024-01-29,3,3
2024-01-29,2,2
2024-01-29,2,2
2024-01-29,4,4
2024-01-30,12,12
2024-01-30,6,6
2024-01-31,0,0
2024-01-31,6,6
2024-01-31,5,5
2024-02-01,5,5
2024-02-01,1,1
2024-02-01,1,1
2024-02-01,3,3
2024-02-01,3,3
2024-02-02,4,4
2024-02-02,13,13
2024-02-02,4,4
2024-02-03,7,7
2024-02-03,7,7
2024-02-03,25,26
2024-02-03,8,8
2024-02-04,2,2
2024-02-04,9,9
2024-02-04,1,1
2024-02-04,0,0
2024-02-04,8,8
2024-02-05,1,1
2024-02-05,7,7
2024-02-05,5,5
2024-02-06,2,2
2024-02-06,4,4
2024-02-06,5,5
2024-02-06,2,2
2024-02-07,0,0
2024-02-07,1,1
2024-02-07,6,6
2024-02-07,5,5
2024-02-07,4,4
2024-02-08,7,7
2024-02-08,2,2
2024-02-08,5,5
2024-02-08,0,0
2024-02-09,4,4
2024-02-09,4,4
2024-02-09,2,2
2024-02-10,9,9
2024-02-10,1,1
2024-02-10,9,8
2024-02-10,2,2
2024-02-10,4,4
2024-02-10,9,9
2024-02-11,7,7
2024-02-11,7,7
2024-02-11,2,2
2024-02-11,4,4
2024-02-11,6,6
2024-02-11,7,7
2024-02-12,0,0
2024-02-12,1,1
2024-02-12,0,0
2024-02-13,3,3
2024-02-13,0,0
2024-02-13,5,5
2024-02-13,5,5
2024-02-13,0,0
2024-02-14,8,8
2024-02-14,5,5
2024-02-14,1,1
2024-02-14,0,0
2024-02-16,6,6
2024-02-16,11,12
2024-02-16,0,0
2024-02-16,5,5
2024-02-16,9,9
2024-02-16,6,6
2024-02-16,15,14
2024-02-17,19,20
2024-02-17,2,2
2024-02-17,0,0
2024-02-18,2,2
2024-02-18,2,2
2024-02-18,6,6
2024-02-18,2,2
2024-02-19,2,2
2024-02-19,0,0
2024-02-19,7,7
2024-02-20,3,3
2024-02-20,0,0
2024-02-20,1,1
2024-02-21,3,3
2024-02-22,1,1
2024-02-22,2,2
2024-02-22,2,2
2024-02-22,1,1
2024-02-22,0,0
2024-02-23,1,1
2024-02-23,10,10
2024-02-23,3,3
2024-02-24,4,4
2024-02-24,1,1
2024-02-24,24,23
2024-02-24,2,2
2024-02-25,13,13
2024-02-25,1,0
2024-02-26,2,2
2024-02-26,0,0
2024-02-27,3,3
2024-02-27,5,5
2024-02-28,1,1
2024-02-28,1,1
2024-02-28,4,4
2024-02-28,1,1
2024-02-29,4,4
2024-03-01,3,3
2024-03-01,4,4
2024-03-01,9,9
2024-03-01,0,0
2024-03-01,9,9
2024-03-02,12,12
2024-03-02,6,6
2024-03-02,3,3
2024-03-02,8,8
2024-03-02,5,5
2024-03-02,13,13
2024-03-02,10,14
2024-03-02,7,8
2024-03-03,0,0
2024-03-03,11,11
2024-03-03,3,3
2024-03-03,0,0
2024-03-03,7,7
2024-03-03,4,5
2024-03-04,0,0
2024-03-04,2,2
2024-03-04,7,7
2024-03-04,2,2
2024-03-04,0,0
2024-03-05,0,0
2024-03-06,0,0
2024-03-06,6,6
2024-03-06,0,0
2024-03-06,3,3
2024-03-07,0,0
2024-03-07,0,0
2024-03-07,2,2
2024-03-07,5,5
2024-03-08,3,3
2024-03-08,3,3
2024-03-08,1,1
2024-03-09,0,0
2024-03-09,17,16
2024-03-09,1,1
2024-03-09,5,5
2024-03-09,2,2
2024-03-10,10,10
2024-03-10,12,12
2024-03-10,12,12
2024-03-10,3,3
2024-03-10,9,9
2024-03-10,18,19
2024-03-11,4,4
2024-03-11,8,8
2024-03-11,5,5
2024-03-11,9,9
2024-03-12,7,7
2024-03-12,6,6
2024-03-12,1,1
2024-03-12,1,1
2024-03-12,3,3
2024-03-12,0,0
2024-03-12,6,6
2024-03-13,2,2
2024-03-13,0,0
2024-03-13,3,3
2024-03-13,2,2
2024-03-13,4,4
2024-03-14,0,0
2024-03-14,2,2
2024-03-14,7,7
2024-03-14,5,5
2024-03-14,8,8
2024-03-15,5,5
2024-03-15,3,3
2024-03-16,1,1
2024-03-16,11,11
2024-03-16,4,4
2024-03-16,6,6
2024-03-17,2,2
2024-03-17,0,0
2024-03-17,7,7
2024-03-17,30,30
2024-03-18,5,6
2024-03-18,3,3
2024-03-18,2,2
2024-03-18,10,10
2024-03-18,1,1
2024-03-18,0,0
2024-03-19,10,9
2024-03-19,3,3
2024-03-19,3,3
2024-03-19,1,1
2024-03-20,1,1
2024-03-20,0,0
2024-03-20,0,0
2024-03-20,2,2
2024-03-21,2,2
2024-03-21,0,0
2024-03-21,2,2
2024-03-21,2,2
2024-03-22,4,4
2024-03-22,3,3
2024-03-22,5,5
2024-03-22,2,2
2024-03-22,5,5
2024-03-23,2,2
2024-03-23,16,16
2024-03-23,16,17
2024-03-24,9,9
2024-03-24,4,4
2024-03-24,5,5
2024-03-24,0,0
2024-03-25,3,3
2024-03-25,3,3
2024-03-25,1,1
2024-03-25,0,0
2024-03-25,3,3
2024-03-26,0,0
2024-03-26,7,7
2024-03-27,3,3
2024-03-27,3,3
2024-03-27,1,1
2024-03-27,4,4
2024-03-28,4,4
2024-03-28,6,6
2024-03-29,7,7
2024-03-30,4,4
2024-03-30,1,1
2024-03-30,6,6
2024-03-31,13,13
2024-03-31,5,5
2024-03-31,2,2
2024-03-31,4,4
2024-03-31,11,11
2024-03-31,7,7
2024-04-01,1,1
2024-04-01,5,5
2024-04-01,0,0
2024-04-01,6,6
2024-04-01,0,0
2024-04-02,4,4
2024-04-02,1,1
2024-04-02,2,2
2024-04-03,2,2
2024-04-03,2,2
2024-04-03,4,4
2024-04-03,4,4
2024-04-03,4,4
2024-04-03,2,2
2024-04-03,1,1
2024-04-03,0,0
2024-04-04,2,2
2024-04-04,0,0
2024-04-04,8,8
2024-04-05,3,3
2024-04-06,2,2
2024-04-06,13,13
2024-04-06,1,1
2024-04-06,20,20
2024-04-06,6,6
2024-04-06,15,16
2024-04-07,7,7
2024-04-07,2,2
2024-04-07,9,9
2024-04-07,3,3
2024-04-07,17,18
2024-04-07,7,8
2024-04-07,1,1
2024-04-08,5,5
2024-04-08,0,0
2024-04-09,6,6
2024-04-09,2,2
2024-04-10,4,4
2024-04-11,0,0
2024-04-11,6,6
2024-04-11,0,0
2024-04-11,4,4
2024-04-11,3,3
2024-04-12,18,18
2024-04-12,13,13
2024-04-12,4,4
2024-04-12,4,4
2024-04-12,2,2
2024-04-13,5,5
2024-04-13,11,11
2024-04-14,4,4
2024-04-14,13,13
2024-04-14,11,11
2024-04-14,4,4
2024-04-15,3,3
2024-04-16,0,0
2024-04-16,2,2
2024-04-16,2,2
2024-04-16,3,3
2024-04-17,0,0
2024-04-17,6,6
2024-04-17,7,7
2024-04-17,4,4
2024-04-18,12,12
2024-04-18,2,2
2024-04-19,1,1
2024-04-19,16,16
2024-04-19,3,3
2024-04-19,9,9
2024-04-19,6,6
2024-04-19,4,4
2024-04-19,2,2
2024-04-19,3,3
2024-04-20,5,5
2024-04-20,8,8
2024-04-20,10,11
2024-04-20,4,4
2024-04-21,4,4
2024-04-21,4,4
2024-04-21,11,11
2024-04-22,3,3
2024-04-22,6,6
2024-04-22,0,0
2024-04-23,3,3
2024-04-23,4,4
2024-04-23,2,2
2024-04-23,7,7
2024-04-23,4,4
2024-04-24,0,0
2024-04-24,4,4
2024-04-24,4,4
2024-04-24,6,6
2024-04-25,1,1
2024-04-25,4,4
2024-04-25,0,0
2024-04-25,0,0
2024-04-25,5,5
2024-04-26,1,1
2024-04-26,1,1
2024-04-26,6,6
2024-04-26,4,4
2024-04-27,8,8
2024-04-27,6,6
2024-04-27,5,5
2024-04-27,9,10
2024-04-28,7,7
2024-04-28,7,7
2024-04-28,1,1
2024-04-29,2,2
2024-04-29,3,3
2024-04-30,7,7
2024-04-30,6,7
2024-04-30,2,2
2024-05-01,1,1
2024-05-01,3,3
2024-05-02,2,2
2024-05-02,2,2
2024-05-02,3,3
2024-05-02,6,6
2024-05-03,4,4
2024-05-03,8,8
2024-05-03,24,24
2024-05-03,2,2
2024-05-03,3,3
2024-05-04,22,22
2024-05-04,12,12
2024-05-04,13,13
2024-05-04,2,2
2024-05-05,1,1
2024-05-05,6,6
2024-05-05,12,12
2024-05-05,8,9
2024-05-06,1,1
2024-05-06,9,8
2024-05-06,0,0
2024-05-07,7,7
2024-05-08,1,1
2024-05-08,9,9
2024-05-08,3,3
2024-05-09,9,9
2024-05-09,3,3
2024-05-09,2,2
2024-05-09,1,1
2024-05-09,0,0
2024-05-09,2,2
2024-05-10,0,0
2024-05-10,5,5
2024-05-10,0,0
2024-05-10,2,2
2024-05-10,5,5
2024-05-11,0,0
2024-05-11,4,4
2024-05-11,9,8
2024-05-11,7,7
2024-05-11,5,5
2024-05-11,8,8
2024-05-12,3,3
2024-05-12,10,10
2024-05-12,3,3
2024-05-12,17,17
2024-05-12,21,25
2024-05-12,4,4
2024-05-13,1,1
2024-05-13,7,7
2024-05-13,8,8
2024-05-13,6,6
2024-05-14,6,6
2024-05-14,1,1
2024-05-15,0,0
2024-05-15,5,5
2024-05-15,1,1
2024-05-15,1,1
2024-05-15,2,2
2024-05-16,7,7
2024-05-16,7,7
2024-05-16,0,0
2024-05-16,4,4
2024-05-17,2,2
2024-05-17,4,4
2024-05-17,0,0
2024-05-17,18,19
2024-05-17,11,13
2024-05-17,5,5
2024-05-17,7,7
2024-05-17,2,2
2024-05-17,3,3
2024-05-18,0,0
2024-05-18,1,1
2024-05-18,4,4
2024-05-18,6,6
2024-05-18,2,2
2024-05-19,5,5
2024-05-19,6,6
2024-05-19,6,6
2024-05-19,12,12
2024-05-19,9,9
2024-05-19,8,9
2024-05-20,5,5
2024-05-20,1,1
2024-05-20,5,5
2024-05-20,9,9
2024-05-20,3,3
2024-05-20,7,7
2024-05-21,3,3
2024-05-21,0,0
2024-05-21,3,3
2024-05-21,1,1
2024-05-22,0,0
2024-05-22,5,5
2024-05-22,1,1
2024-05-22,0,0
2024-05-23,1,1
2024-05-23,0,0
2024-05-23,4,4
2024-05-23,3,3
2024-05-23,5,5
2024-05-23,2,2
2024-05-24,3,3
2024-05-24,1,1
2024-05-24,9,9
2024-05-24,1,1
2024-05-24,18,18
2024-05-25,2,2
2024-05-25,0,0
2024-05-26,5,5
2024-05-26,5,5
2024-05-27,4,4
2024-05-27,4,4
2024-05-27,6,6
2024-05-27,7,7
2024-05-27,9,9
2024-05-27,3,3
2024-05-28,0,0
2024-05-28,6,6
2024-05-28,4,4
2024-05-28,5,5
2024-05-29,2,2
2024-05-29,6,6
2024-05-29,3,3
2024-05-31,4,4
2024-05-31,17,17
2024-05-31,3,3
2024-06-01,1,1
2024-06-01,9,9
2024-06-01,11,11
2024-06-01,26,27
2024-06-01,20,20
2024-06-01,5,6
2024-06-01,4,4
2024-06-01,13,13
2024-06-01,1,1
2024-06-02,6,6
2024-06-02,13,17
2024-06-02,3,2
2024-06-02,3,3
2024-06-03,5,5
2024-06-03,2,2
2024-06-04,1,1
2024-06-04,0,0
2024-06-04,7,7
2024-06-04,3,3
2024-06-04,6,6
2024-06-05,8,8
2024-06-05,1,1
2024-06-05,3,3
2024-06-05,1,1
2024-06-05,2,2
2024-06-05,2,2
2024-06-05,4,4
2024-06-05,3,3
2024-06-06,2,2
2024-06-06,2,2
2024-06-06,5,5
2024-06-06,2,2
2024-06-06,2,2
2024-06-06,2,2
2024-06-07,8,8
2024-06-07,5,5
2024-06-07,1,1
2024-06-08,15,15
2024-06-09,0,0
2024-06-09,5,5
2024-06-09,11,11
2024-06-09,1,1
2024-06-11,0,0
2024-06-11,5,5
2024-06-11,1,1
2024-06-12,2,2
2024-06-12,5,5
2024-06-12,0,0
2024-06-12,6,6
2024-06-13,0,0
2024-06-13,0,0
2024-06-14,0,0
2024-06-15,8,8
2024-06-15,5,5
2024-06-15,0,0
2024-06-15,0,0
2024-06-15,5,5
2024-06-15,11,11
2024-06-15,7,7
2024-06-16,10,10
2024-06-16,12,12
2024-06-16,6,6
2024-06-16,19,18
2024-06-17,4,4
2024-06-17,0,0
2024-06-18,3,3
2024-06-18,1,1
2024-06-18,0,0
2024-06-19,3,3
2024-06-19,2,2
2024-06-20,2,2
2024-06-20,3,3
2024-06-21,20,20
2024-06-21,2,2
2024-06-21,0,0
2024-06-22,36,38
2024-06-22,4,4
2024-06-22,1,1
2024-06-22,10,10
2024-06-22,6,7
2024-06-22,9,9
2024-06-23,16,16
2024-06-23,6,8
2024-06-23,12,12
2024-06-23,3,3
2024-06-23,3,3
2024-06-23,4,4
2024-06-24,3,3
2024-06-24,9,9
2024-06-24,8,9
2024-06-24,5,6
2024-06-25,2,2
2024-06-25,4,4
2024-06-25,3,3
2024-06-26,4,4
2024-06-26,7,7
2024-06-27,1,1
2024-06-27,7,7
2024-06-27,9,9
2024-06-27,2,2
2024-06-28,7,7
2024-06-28,0,0
2024-06-28,6,6
2024-06-29,6,6
2024-06-30,0,0
2024-07-01,2,2
2024-07-01,2,2
2024-07-02,2,2
2024-07-02,2,2
2024-07-02,7,7
2024-07-02,2,2
2024-07-02,2,2
2024-07-02,4,4
2024-07-02,1,1
2024-07-02,3,3
2024-07-03,3,3
2024-07-04,2,2
2024-07-04,3,3
2024-07-04,7,7
2024-07-05,4,4
2024-07-05,3,3
2024-07-05,3,3
2024-07-05,3,3
2024-07-05,1,1
2024-07-05,4,4
2024-07-05,2,2
2024-07-06,4,4
2024-07-06,2,2
2024-07-06,24,24
2024-07-06,4,4
2024-07-06,9,9
2024-07-06,6,6
2024-07-07,4,4
2024-07-08,7,7
2024-07-08,1,1
2024-07-08,1,1
2024-07-08,2,2
2024-07-08,0,0
2024-07-09,5,5
2024-07-09,5,5
2024-07-10,0,0
2024-07-10,5,5
2024-07-10,5,5
2024-07-10,4,4
2024-07-11,2,2
2024-07-11,0,0
2024-07-11,3,3
2024-07-11,5,5
2024-07-11,3,3
2024-07-12,3,3
2024-07-12,7,7
2024-07-12,8,8
2024-07-12,2,2
2024-07-13,24,24
2024-07-13,5,5
2024-07-13,22,22
2024-07-13,7,7
2024-07-14,3,3
2024-07-14,0,0
2024-07-14,0,0
2024-07-14,11,11
2024-07-14,1,1
2024-07-14,3,3
2024-07-15,1,1
2024-07-15,5,5
2024-07-15,2,2
2024-07-15,4,4
2024-07-15,1,1
2024-07-15,5,5
2024-07-15,4,4
2024-07-15,7,7
2024-07-15,5,5
2024-07-16,2,2
2024-07-16,6,6
2024-07-16,5,5
2024-07-16,0,0
2024-07-16,10,10
2024-07-16,6,6
2024-07-17,3,3
2024-07-17,2,2
2024-07-17,2,2
2024-07-17,13,13
2024-07-17,1,1
2024-07-18,8,8
2024-07-19,14,14
2024-07-19,15,15
2024-07-19,5,5
2024-07-19,2,2
2024-07-19,3,3
2024-07-19,3,3
2024-07-19,2,2
2024-07-20,1,1
2024-07-20,4,4
2024-07-20,3,3
2024-07-20,2,2
2024-07-20,4,4
2024-07-20,2,2
2024-07-21,2,2
2024-07-21,24,24
2024-07-21,15,16
2024-07-22,2,2
2024-07-22,4,4
2024-07-23,3,3
2024-07-23,2,2
2024-07-23,0,0
2024-07-24,0,0
2024-07-24,5,5
2024-07-24,10,10
2024-07-24,1,1
2024-07-24,7,7
2024-07-24,6,6
2024-07-24,4,4
2024-07-25,5,5
2024-07-25,2,2
2024-07-25,5,5
2024-07-25,3,3
2024-07-26,6,6
2024-07-26,2,2
2024-07-26,5,5
2024-07-26,2,2
2024-07-26,5,5
2024-07-27,3,3
2024-07-27,8,8
2024-07-27,7,7
2024-07-28,0,0
2024-07-28,3,3
2024-07-28,4,4
2024-07-28,6,6
2024-07-28,1,1
2024-07-29,4,4
2024-07-29,2,2
2024-07-29,6,6
2024-07-29,6,6
2024-07-29,6,6
2024-07-30,3,3
2024-07-30,0,0
2024-07-30,7,7
2024-07-30,2,2
2024-07-30,2,2
2024-07-31,4,4
2024-07-31,2,2
2024-07-31,3,3
2024-07-31,2,2
2024-08-01,3,3
2024-08-01,1,1
2024-08-01,2,2
2024-08-02,2,2
2024-08-03,13,13
2024-08-03,5,5
2024-08-03,4,4
2024-08-03,5,5
2024-08-03,14,14
2024-08-03,12,12
2024-08-03,1,1
2024-08-04,5,5
2024-08-04,4,4
2024-08-04,9,9
2024-08-05,1,1
2024-08-05,3,3
2024-08-05,4,4
2024-08-06,0,0
2024-08-06,1,1
2024-08-06,4,4
2024-08-06,5,5
2024-08-07,9,9
2024-08-07,0,0
2024-08-07,4,4
2024-08-07,0,0
2024-08-08,5,5
2024-08-08,0,0
2024-08-09,3,3
2024-08-09,2,2
2024-08-09,4,4
2024-08-09,0,0
2024-08-09,1,1
2024-08-10,1,1
2024-08-10,3,3
2024-08-10,8,8
2024-08-10,4,4
2024-08-10,5,5
2024-08-11,7,7
2024-08-11,5,5
2024-08-11,5,5
2024-08-11,0,0
2024-08-11,1,1
2024-08-11,2,2
2024-08-11,1,1
2024-08-11,1,1
2024-08-12,0,0
2024-08-12,4,4
2024-08-12,3,3
2024-08-13,0,0
2024-08-13,0,0
2024-08-14,2,2
2024-08-14,0,0
2024-08-14,0,0
2024-08-14,5,5
2024-08-15,2,2
2024-08-15,1,1
2024-08-15,4,4
2024-08-15,3,3
2024-08-16,1,1
2024-08-16,4,4
2024-08-16,0,0
2024-08-16,0,0
2024-08-17,4,4
2024-08-17,18,18
2024-08-17,1,0
2024-08-18,0,0
2024-08-18,0,0
2024-08-18,6,6
2024-08-19,0,0
2024-08-19,0,0
2024-08-21,16,16
2024-08-21,1,1
2024-08-21,1,1
2024-08-21,6,6
2024-08-23,9,9
2024-08-24,12,12
2024-08-24,2,2
2024-08-24,6,6
2024-08-24,7,7
2024-08-25,0,0
2024-08-25,6,6
2024-08-25,3,3
2024-08-26,1,1
2024-08-26,2,2
2024-08-26,0,0
2024-08-27,0,0
2024-08-27,3,3
2024-08-27,3,3
2024-08-27,1,1
2024-08-27,3,3
2024-08-27,2,2
2024-08-27,1,1
2024-08-27,3,3
2024-08-28,1,1
2024-08-29,10,10
2024-08-29,6,6
2024-08-29,5,5
2024-08-29,3,3
2024-08-29,0,0
2024-08-29,3,3
2024-08-29,8,8
2024-08-30,2,2
2024-08-30,11,11
2024-08-30,5,5
2024-08-30,4,4
2024-08-30,2,2
2024-08-30,0,0
2024-08-31,1,1
2024-08-31,10,10
2024-08-31,7,9
2024-08-31,7,7
2024-09-01,12,12
2024-09-01,3,3
2024-09-02,1,1
2024-09-02,7,7
2024-09-02,6,6
2024-09-02,3,3
2024-09-02,2,2
2024-09-02,2,2
2024-09-02,4,4
2024-09-02,2,2
2024-09-02,3,3
2024-09-02,4,4
2024-09-03,7,7
2024-09-04,4,4
2024-09-04,1,1
2024-09-04,0,0
2024-09-04,2,2
2024-09-05,1,1
2024-09-05,3,3
2024-09-05,2,2
2024-09-05,0,0
2024-09-05,3,3
2024-09-05,2,2
2024-09-06,8,8
2024-09-06,1,1
2024-09-06,3,3
2024-09-06,6,6
2024-09-06,1,1
2024-09-06,2,2
2024-09-06,2,2
2024-09-07,7,7
2024-09-07,2,2
2024-09-08,9,9
2024-09-08,6,6
2024-09-08,1,1
2024-09-08,4,4
2024-09-09,1,1
2024-09-09,0,0
2024-09-09,2,2
2024-09-10,5,5
2024-09-10,3,3
2024-09-10,3,3
2024-09-10,0,0
2024-09-10,4,4
2024-09-10,5,5
2024-09-11,5,5
2024-09-11,8,8
2024-09-11,4,4
2024-09-11,2,2
2024-09-11,3,3
2024-09-12,3,3
2024-09-12,4,4
2024-09-12,6,6
2024-09-12,2,2
2024-09-13,6,6
2024-09-14,8,8
2024-09-14,2,2
2024-09-14,5,5
2024-09-14,5,5
2024-09-15,2,2
2024-09-15,4,4
2024-09-15,2,2
2024-09-15,2,2
2024-09-15,3,3
2024-09-15,8,8
2024-09-15,8,8
2024-09-16,5,5
2024-09-16,5,5
2024-09-16,4,4
2024-09-16,4,4
2024-09-17,7,7
2024-09-17,4,4
2024-09-17,5,5
2024-09-18,5,5
2024-09-18,1,1
2024-09-18,5,5
2024-09-19,2,2
2024-09-20,10,10
2024-09-20,8,8
2024-09-20,0,0
2024-09-20,2,2
2024-09-21,7,7
2024-09-21,39,42
2024-09-22,8,8
2024-09-22,7,7
2024-09-22,8,8
2024-09-22,1,1
2024-09-22,6,6
2024-09-22,4,4
2024-09-23,9,9
2024-09-23,4,4
2024-09-23,3,3
2024-09-24,1,1
2024-09-24,3,3
2024-09-25,8,8
2024-09-25,6,6
2024-09-25,3,3
2024-09-25,0,0
2024-09-25,3,3
2024-09-26,0,0
2024-09-26,2,2
2024-09-26,2,2
2024-09-26,3,3
2024-09-27,6,6
2024-09-27,0,0
2024-09-27,0,0
2024-09-27,6,6
2024-09-27,0,0
2024-09-28,7,7
2024-09-28,7,7
2024-09-28,14,14
2024-09-29,12,12
2024-09-29,10,10
2024-09-29,3,3
2024-09-30,3,3
2024-09-30,4,4
2024-09-30,3,3
2024-09-30,4,4
2024-10-01,3,3
2024-10-01,4,4
2024-10-01,0,0
2024-10-01,7,7
2024-10-01,4,4
2024-10-01,9,9
2024-10-02,1,1
2024-10-02,2,2
2024-10-02,2,2
2024-10-03,3,3
2024-10-03,0,0
2024-10-03,0,0
2024-10-03,1,1
2024-10-03,3,3
2024-10-04,7,7
2024-10-04,1,1
2024-10-04,2,2
2024-10-04,7,7
2024-10-04,4,4
2024-10-05,0,0
2024-10-05,12,12
2024-10-05,1,1
2024-10-06,3,3
2024-10-06,8,8
2024-10-06,5,5
2024-10-06,7,7
2024-10-06,3,3
2024-10-06,1,1
2024-10-06,2,2
2024-10-06,1,1
2024-10-06,11,11
2024-10-07,8,8
2024-10-07,3,3
2024-10-07,0,0
2024-10-07,7,7
2024-10-07,0,0
2024-10-07,3,3
2024-10-07,2,2
2024-10-08,1,1
2024-10-08,2,2
2024-10-08,12,12
2024-10-08,0,0
2024-10-08,3,3
2024-10-08,2,2
2024-10-09,5,5
2024-10-09,3,3
2024-10-09,0,0
2024-10-09,2,2
2024-10-09,1,1
2024-10-10,2,2
2024-10-10,0,0
2024-10-10,5,5
2024-10-10,6,6
2024-10-10,0,0
2024-10-10,7,7
2024-10-11,9,9
2024-10-11,3,3
2024-10-11,3,3
2024-10-11,13,13
2024-10-12,1,1
2024-10-12,0,0
2024-10-12,6,6
2024-10-12,2,2
2024-10-13,3,3
2024-10-13,11,11
2024-10-13,2,1
2024-10-13,4,4
2024-10-13,6,6
2024-10-14,2,2
2024-10-14,15,15
2024-10-14,2,2
2024-10-14,0,0
2024-10-15,6,6
2024-10-15,0,0
2024-10-16,4,4
2024-10-16,0,0
2024-10-16,1,1
2024-10-16,6,6
2024-10-16,2,2
2024-10-17,4,4
2024-10-17,5,5
2024-10-17,2,2
2024-10-17,7,7
2024-10-17,0,0
2024-10-17,3,3
2024-10-17,8,8
2024-10-17,1,1
2024-10-18,6,6
2024-10-18,0,0
2024-10-18,2,2
2024-10-19,8,8
2024-10-19,7,7
2024-10-19,4,4
2024-10-19,30,29
2024-10-19,12,12
2024-10-19,16,16
2024-10-20,2,2
2024-10-20,3,3
2024-10-20,6,6
2024-10-20,6,6
2024-10-20,5,6
2024-10-20,1,1
2024-10-20,5,5
2024-10-21,4,4
2024-10-21,0,0
2024-10-21,5,5
2024-10-21,2,2
2024-10-22,2,2
2024-10-22,1,1
2024-10-22,9,9
2024-10-22,2,2
2024-10-23,4,4
2024-10-23,2,2
2024-10-23,7,7
2024-10-24,3,3
2024-10-24,4,4
2024-10-24,1,1
2024-10-24,1,1
2024-10-24,4,4
2024-10-24,2,2
2024-10-25,3,3
2024-10-25,4,4
2024-10-25,5,5
2024-10-26,25,25
2024-10-26,1,1
2024-10-26,0,0
2024-10-26,5,5
2024-10-26,4,4
2024-10-26,8,8
2024-10-26,0,0
2024-10-27,2,2
2024-10-28,2,2
2024-10-28,1,1
2024-10-28,0,0
2024-10-29,0,0
2024-10-29,4,4
2024-10-29,3,3
2024-10-29,2,2
2024-10-29,2,2
2024-10-29,3,3
2024-10-29,2,2
2024-10-30,9,9
2024-10-30,7,7
2024-10-30,0,0
2024-10-31,4,4
2024-10-31,2,2
2024-10-31,5,5
2024-11-01,2,2
2024-11-01,2,2
2024-11-01,18,18
2024-11-02,6,6
2024-11-02,6,6
2024-11-02,17,17
2024-11-02,5,5
2024-11-03,9,9
2024-11-03,7,7
2024-11-03,10,10
2024-11-04,2,2
2024-11-04,1,1
2024-11-04,1,1
2024-11-04,0,0
2024-11-04,0,0
2024-11-05,5,5
2024-11-05,0,0
2024-11-05,0,0
2024-11-05,8,8
2024-11-05,0,0
2024-11-06,4,4
2024-11-06,0,0
2024-11-06,0,0
2024-11-07,2,2
2024-11-07,3,3
2024-11-08,5,5
2024-11-08,3,3
2024-11-09,5,5
2024-11-09,5,5
2024-11-10,3,3
2024-11-10,1,1
2024-11-10,5,5
2024-11-11,5,5
2024-11-11,2,2
2024-11-11,1,1
2024-11-11,5,5
2024-11-11,1,1
2024-11-12,1,1
2024-11-13,5,5
2024-11-13,6,6
2024-11-13,0,0
2024-11-13,1,1
2024-11-13,1,1
2024-11-13,4,4
2024-11-14,3,3
2024-11-14,3,3
2024-11-14,0,0
2024-11-15,6,6
2024-11-15,3,3
2024-11-15,2,2
2024-11-15,0,0
2024-11-16,10,10
2024-11-16,1,1
2024-11-16,7,7
2024-11-16,2,2
2024-11-16,14,14
2024-11-17,6,6
2024-11-17,1,1
2024-11-17,3,3
2024-11-17,8,8
2024-11-17,5,5
2024-11-18,2,2
2024-11-18,2,2
2024-11-19,1,1
2024-11-19,2,2
2024-11-19,3,3
2024-11-19,4,4
2024-11-19,0,0
2024-11-19,1,1
2024-11-20,3,3
2024-11-20,2,2
2024-11-21,5,5
2024-11-21,3,3
2024-11-22,2,2
2024-11-22,15,14
2024-11-22,4,4
2024-11-22,2,2
2024-11-23,4,4
2024-11-23,4,4
2024-11-23,8,8
2024-11-24,21,21
2024-11-24,2,0
2024-11-24,5,5
2024-11-24,2,2
2024-11-25,9,9
2024-11-25,2,2
2024-11-25,3,3
2024-11-25,4,4
2024-11-26,3,3
2024-11-26,3,3
2024-11-27,1,1
2024-11-27,2,2
2024-11-27,0,0
2024-11-27,2,2
2024-11-28,0,0
2024-11-28,0,0
2024-11-28,3,3
2024-11-28,3,3
2024-11-28,1,1
2024-11-28,3,3
2024-11-28,2,2
2024-11-28,0,0
2024-11-28,0,0
2024-11-28,0,0
2024-11-28,1,1
2024-11-28,2,2
2024-11-28,0,0
2024-11-29,6,6
2024-11-29,8,8
2024-11-29,13,13
2024-11-29,1,1
2024-11-30,25,25
2024-11-30,24,24
2024-11-30,7,7
2024-12-01,2,2
2024-12-01,7,7
2024-12-02,0,0
2024-12-02,0,0
2024-12-02,15,14
2024-12-02,2,2
2024-12-02,5,5
2024-12-03,3,3
2024-12-03,3,3
2024-12-03,0,0
2024-12-03,1,1
2024-12-04,2,2
2024-12-04,2,2
2024-12-05,1,1
2024-12-05,0,0
2024-12-05,2,2
2024-12-05,6,6
2024-12-05,5,5
2024-12-06,1,1
2024-12-06,3,3
2024-12-06,7,7
2024-12-06,5,5
2024-12-07,2,2
2024-12-07,6,6
2024-12-07,15,15
2024-12-07,7,7
2024-12-07,21,21
2024-12-08,2,2
2024-12-08,0,0
2024-12-08,5,5
2024-12-09,0,0
2024-12-10,3,3
2024-12-10,3,3
2024-12-10,1,1
2024-12-10,1,1
2024-12-11,4,4
2024-12-11,3,3
2024-12-11,2,2
2024-12-12,0,0
2024-12-12,6,6
2024-12-13,1,1
2024-12-13,2,2
2024-12-13,3,3
2024-12-13,0,0
2024-12-13,6,6
2024-12-13,12,12
2024-12-13,5,5
2024-12-14,0,0
2024-12-14,0,0
2024-12-14,16,16
2024-12-15,0,0
2024-12-15,12,11
2024-12-15,1,1
2024-12-15,6,6
2024-12-15,2,2
2024-12-16,7,7
2024-12-16,3,3
2024-12-17,7,7
2024-12-17,2,2
2024-12-17,1,1
2024-12-17,5,5
2024-12-17,0,0
2024-12-18,0,0
2024-12-18,0,0
2024-12-18,5,5
2024-12-19,2,2
2024-12-19,3,3
2024-12-19,0,0
2024-12-20,0,0
2024-12-20,6,6
2024-12-20,4,4
2024-12-20,4,4
2024-12-21,0,0
2024-12-21,8,8
2024-12-21,6,6
2024-12-21,2,2
2024-12-21,16,17
2024-12-22,10,10
2024-12-22,11,11
2024-12-23,1,1
2024-12-23,0,0
2024-12-23,2,2
2024-12-23,2,2
2024-12-23,4,4
2024-12-23,4,4
2024-12-24,2,2
2024-12-24,1,1
2024-12-24,3,3
2024-12-24,4,4
2024-12-24,29,29
2024-12-24,21,21
2024-12-24,2,2
2024-12-25,0,0
2024-12-25,1,1
2024-12-25,5,5
2024-12-25,0,0
2024-12-26,1,1
2024-12-26,3,3
2024-12-26,2,2
2024-12-26,24,23
2024-12-27,0,0
2024-12-27,7,7
2024-12-27,0,0
2024-12-28,26,26
2024-12-28,2,1
2024-12-28,24,23
2024-12-28,12,30
2024-12-28,2,2
2024-12-28,10,10
2024-12-29,2,2
2024-12-30,3,3
2024-12-31,0,0
2024-12-31,0,0
2024-12-31,5,5
2024-12-31,0,0
2024-12-31,5,5
2025-01-01,4,4
2025-01-01,3,3
2025-01-01,4,4
2025-01-02,5,5
2025-01-02,2,2
2025-01-02,2,2
2025-01-02,1,1
2025-01-02,4,4
2025-01-02,2,2
2025-01-02,11,11
2025-01-03,3,3
2025-01-03,0,0
2025-01-03,3,3
2025-01-03,1,1
2025-01-03,8,8
2025-01-03,2,2
2025-01-04,16,16
2025-01-04,3,3
2025-01-04,5,5
2025-01-04,8,8
2025-01-04,2,2
2025-01-05,7,7
2025-01-05,6,6
2025-01-05,2,2
2025-01-05,3,3
2025-01-05,4,4
2025-01-05,1,1
2025-01-07,6,6
2025-01-08,2,2
2025-01-08,5,5
2025-01-08,2,2
2025-01-09,2,2
2025-01-09,2,2
2025-01-10,12,12
2025-01-11,6,6
2025-01-11,11,11
2025-01-11,19,19
2025-01-11,0,0
2025-01-12,3,3
2025-01-12,2,2
2025-01-13,0,0
2025-01-13,1,1
2025-01-13,7,7
2025-01-13,10,10
2025-01-14,3,3
2025-01-14,8,8
2025-01-14,3,3
2025-01-15,2,2
2025-01-15,1,1
2025-01-15,3,3
2025-01-15,3,3
2025-01-16,1,1
2025-01-16,1,1
2025-01-16,0,0
2025-01-16,1,1
2025-01-17,3,3
2025-01-17,0,0
2025-01-17,1,1
2025-01-17,5,5
2025-01-17,3,3
2025-01-18,5,5
2025-01-19,7,7
2025-01-19,21,21
2025-01-19,3,3
2025-01-19,11,11
2025-01-19,2,2
2025-01-20,1,1
2025-01-20,4,4
2025-01-20,3,3
2025-01-20,6,6
2025-01-21,0,0
2025-01-22,0,0
2025-01-22,2,2
2025-01-22,1,1
2025-01-22,4,4
2025-01-22,4,4
2025-01-22,8,8
2025-01-23,0,0
2025-01-23,0,0
2025-01-23,8,8
2025-01-23,7,7
2025-01-24,4,4
2025-01-25,12,12
2025-01-25,3,3
2025-01-25,13,13
2025-01-25,16,16
2025-01-26,15,16
2025-01-27,1,1
2025-01-27,5,5
2025-01-27,2,2
2025-01-28,3,3
2025-01-28,11,11
2025-01-28,6,7
2025-01-28,6,6
2025-01-29,0,0
2025-01-29,2,2
2025-01-29,0,0
2025-01-30,8,8
2025-01-30,2,2
2025-01-31,2,2
2025-01-31,4,4
2025-01-31,1,1
2025-01-31,7,7
2025-02-01,8,8
2025-02-01,9,10
2025-02-01,7,7
2025-02-01,5,5
2025-02-01,13,13
2025-02-02,5,5
2025-02-03,5,5
2025-02-04,8,8
2025-02-04,3,3
2025-02-04,2,2
2025-02-04,4,4
2025-02-04,5,5
2025-02-04,2,2
2025-02-04,1,1
2025-02-05,3,3
2025-02-06,0,0
2025-02-06,2,2
2025-02-06,3,3
2025-02-06,4,4
2025-02-06,2,2
2025-02-06,0,0
2025-02-07,2,2
2025-02-08,6,6
2025-02-08,0,0
2025-02-08,24,24
2025-02-08,6,6
2025-02-08,7,7
2025-02-08,0,0
2025-02-08,5,5
2025-02-09,3,3
2025-02-09,4,4
2025-02-09,8,8
2025-02-09,3,3
2025-02-09,1,1
2025-02-09,5,5
2025-02-09,4,4
2025-02-09,6,6
2025-02-09,3,3
2025-02-10,1,1
2025-02-10,0,0
2025-02-10,1,1
2025-02-10,8,8
2025-02-10,6,6
2025-02-11,4,4
2025-02-11,0,0
2025-02-11,0,0
2025-02-11,0,0
2025-02-12,0,0
2025-02-12,1,1
2025-02-12,3,3
2025-02-12,2,2
2025-02-12,0,0
2025-02-13,5,5
2025-02-13,6,6
2025-02-13,3,3
2025-02-14,3,3
2025-02-14,6,6
2025-02-14,6,6
2025-02-14,9,9
2025-02-14,4,4
2025-02-14,0,0
2025-02-15,5,5
2025-02-15,5,5
2025-02-15,4,4
2025-02-15,5,5
2025-02-15,20,21
2025-02-16,2,2
2025-02-16,15,15
2025-02-16,34,36
2025-02-16,2,2
2025-02-17,3,3
2025-02-17,4,4
2025-02-17,2,2
2025-02-17,1,1
2025-02-17,7,7
2025-02-18,10,10
2025-02-18,1,1
2025-02-18,9,9
2025-02-18,3,3
2025-02-18,5,5
2025-02-18,0,0
2025-02-19,2,2
2025-02-19,3,3
2025-02-19,0,0
2025-02-20,4,4
2025-02-20,5,5
2025-02-20,2,2
2025-02-20,6,6
2025-02-21,4,4
2025-02-21,3,3
2025-02-21,2,2
2025-02-21,2,2
2025-02-21,4,4
2025-02-22,6,6
2025-02-22,5,5
2025-02-22,9,9
2025-02-23,17,17
2025-02-23,2,2
2025-02-24,5,5
2025-02-24,2,2
2025-02-24,4,4
2025-02-24,0,0
2025-02-24,5,5
2025-02-24,5,5
2025-02-24,0,0
2025-02-24,6,6
2025-02-25,4,4
2025-02-25,4,4
2025-02-25,5,5
2025-02-25,2,2
2025-02-25,1,1
2025-02-26,3,3
2025-02-26,1,1
2025-02-26,2,2
2025-02-26,3,3
2025-02-26,7,7
2025-02-27,1,1
2025-02-27,5,5
2025-02-27,1,1
2025-02-27,0,0
2025-02-27,1,1
2025-02-27,1,1
2025-02-27,3,3
2025-02-27,0,0
2025-02-28,3,3
2025-02-28,12,12
2025-02-28,4,4
2025-03-01,3,3
2025-03-01,13,13
2025-03-02,11,11
2025-03-02,4,4
2025-03-03,2,2
2025-03-03,4,4
2025-03-03,3,3
2025-03-03,0,0
2025-03-03,2,2
2025-03-03,4,4
2025-03-04,6,6
2025-03-04,5,5
2025-03-04,5,5
2025-03-04,4,4
2025-03-06,1,1
2025-03-06,4,4
2025-03-07,9,9
2025-03-07,2,2
2025-03-07,5,5
2025-03-08,5,5
2025-03-08,10,10
2025-03-08,1,1
2025-03-09,6,6
2025-03-09,5,5
2025-03-09,7,7
2025-03-09,2,2
2025-03-10,4,4
2025-03-11,2,2
2025-03-12,0,0
2025-03-12,2,2
2025-03-12,0,0
2025-03-12,9,9
2025-03-13,2,2
2025-03-13,3,3
2025-03-13,0,0
2025-03-13,4,4
2025-03-14,1,1
2025-03-14,5,5
2025-03-14,9,9
2025-03-14,7,7
2025-03-14,0,0
2025-03-15,4,4
2025-03-16,7,7
2025-03-16,3,3
2025-03-16,3,3
2025-03-16,16,16
2025-03-17,1,1
2025-03-17,2,2
2025-03-17,4,4
2025-03-17,5,5
2025-03-18,6,6
2025-03-18,0,0
2025-03-18,2,2
2025-03-18,9,9
2025-03-19,6,6
2025-03-19,2,2
2025-03-19,1,1
2025-03-20,9,9
2025-03-20,4,4
2025-03-20,3,3
2025-03-20,4,4
2025-03-20,3,3
2025-03-20,3,3
2025-03-21,1,1
2025-03-21,6,6
2025-03-21,0,0
2025-03-23,2,2
2025-03-23,7,7
2025-03-23,21,21
2025-03-23,14,14
2025-03-25,2,2
2025-03-25,8,8
2025-03-25,2,2
2025-03-25,0,0
2025-03-25,5,5
2025-03-26,1,1
2025-03-26,5,5
2025-03-26,5,5
2025-03-27,4,4
2025-03-27,7,7
2025-03-27,0,0
2025-03-27,7,7
2025-03-28,7,7
2025-03-28,1,1
2025-03-28,11,11
2025-03-29,11,11
2025-03-29,7,7
2025-03-30,2,2
2025-03-30,23,25
2025-03-30,3,3
2025-03-30,5,5
2025-03-30,9,9
2025-04-01,2,2
2025-04-02,3,3
2025-04-02,0,0
2025-04-02,3,3
2025-04-02,7,7
2025-04-02,8,8
2025-04-03,6,6
2025-04-03,0,0
2025-04-03,7,7
2025-04-03,1,1
2025-04-03,2,2
2025-04-03,5,5
2025-04-04,1,1
2025-04-04,0,0
2025-04-04,3,3
2025-04-04,11,11
2025-04-05,2,2
2025-04-05,5,5
2025-04-05,2,2
2025-04-06,21,21
2025-04-06,1,1
2025-04-06,0,0
2025-04-06,16,16
2025-04-06,1,1
2025-04-06,1,1
2025-04-06,0,0
2025-04-07,5,5
2025-04-07,1,1
2025-04-07,3,3
2025-04-08,4,4
2025-04-08,7,7
2025-04-08,3,3
2025-04-08,0,0
2025-04-09,0,0
2025-04-09,8,8
2025-04-09,3,3
2025-04-09,6,6
2025-04-09,0,0
2025-04-09,0,0
2025-04-09,6,6
2025-04-10,7,7
2025-04-10,0,0
2025-04-10,8,8
2025-04-10,2,2
2025-04-10,2,2
2025-04-11,4,4
2025-04-11,4,4
2025-04-11,11,11
2025-04-11,2,2
2025-04-11,2,2
2025-04-12,3,3
2025-04-12,16,16
2025-04-12,4,4
2025-04-12,0,0
2025-04-13,11,10
2025-04-13,3,3
2025-04-13,18,18
2025-04-13,4,4
2025-04-14,3,3
2025-04-14,3,3
2025-04-15,3,3
2025-04-15,0,0
2025-04-16,15,15
2025-04-16,2,1
2025-04-16,5,5
2025-04-16,3,3
2025-04-16,2,2
2025-04-16,0,0
2025-04-16,0,0
2025-04-16,2,2
2025-04-16,2,2
2025-04-16,4,4
2025-04-17,9,9
2025-04-18,1,1
2025-04-18,4,4
2025-04-18,10,10
2025-04-18,4,4
2025-04-18,3,3
2025-04-18,12,12
2025-04-18,2,2
2025-04-18,1,1
2025-04-19,10,10
2025-04-19,1,1
2025-04-19,6,6
2025-04-20,3,3
2025-04-20,4,4
2025-04-20,20,19
2025-04-20,10,10
2025-04-20,7,7
2025-04-20,2,2
2025-04-20,5,5
2025-04-21,2,2
2025-04-21,10,10
2025-04-21,1,1
2025-04-21,0,0
2025-04-21,6,6
2025-04-21,3,3
2025-04-22,2,2
2025-04-22,8,8
2025-04-22,2,2
2025-04-22,2,2
2025-04-23,2,2
2025-04-24,9,9
2025-04-24,9,9
2025-04-24,3,3
2025-04-24,0,0
2025-04-24,2,2
2025-04-24,2,2
2025-04-25,1,1
2025-04-25,3,3
2025-04-25,2,2
2025-04-25,1,1
2025-04-25,6,6
2025-04-25,2,2
2025-04-25,2,2
2025-04-25,0,0
2025-04-25,12,12
2025-04-25,2,2
2025-04-26,8,8
2025-04-26,10,12
2025-04-26,10,10
2025-04-26,2,2
2025-04-26,8,8
2025-04-26,0,0
2025-04-26,9,9
2025-04-27,0,0
2025-04-27,1,1
2025-04-28,3,3
2025-04-28,9,9
2025-04-28,0,0
2025-04-28,1,1
2025-04-28,3,3
2025-04-29,2,2
2025-04-29,2,2
2025-04-29,1,1
2025-04-29,0,0
2025-04-30,5,5
2025-04-30,6,6
2025-05-01,4,4
2025-05-01,2,2
2025-05-02,33,32
2025-05-02,0,0
2025-05-02,2,2
2025-05-03,3,3
2025-05-03,6,6
2025-05-03,9,9
2025-05-04,3,3
2025-05-04,8,8
2025-05-05,2,2
2025-05-05,7,7
2025-05-05,2,2
2025-05-05,4,4
2025-05-06,11,11
2025-05-06,2,2
2025-05-06,6,6
2025-05-06,3,3
2025-05-06,6,6
2025-05-06,7,7
2025-05-07,6,6
2025-05-07,1,1
2025-05-07,2,2
2025-05-07,6,6
2025-05-07,0,0
2025-05-07,6,6
2025-05-08,5,5
2025-05-08,7,7
2025-05-09,6,6
2025-05-10,12,12
2025-05-10,26,28
2025-05-10,22,21
2025-05-11,3,3
2025-05-11,1,1
2025-05-12,2,2
2025-05-12,5,5
2025-05-12,0,0
2025-05-12,7,7
2025-05-14,3,3
2025-05-14,0,0
2025-05-14,9,9
2025-05-15,10,10
2025-05-15,1,1
2025-05-15,2,2
2025-05-15,5,5
2025-05-16,4,4
2025-05-16,3,3
2025-05-17,10,10
2025-05-17,8,12
2025-05-18,4,4
2025-05-19,3,3
2025-05-19,3,3
2025-05-19,2,2
2025-05-19,1,1
2025-05-20,9,9
2025-05-20,2,2
2025-05-20,5,5
2025-05-20,0,0
2025-05-20,4,4
2025-05-20,0,0
2025-05-21,2,2
2025-05-21,3,3
2025-05-21,1,1
2025-05-21,4,4
2025-05-22,0,0
2025-05-22,3,3
2025-05-22,3,3
2025-05-22,2,2
2025-05-23,5,5
2025-05-23,2,2
2025-05-25,7,7
2025-05-25,1,1
2025-05-25,18,18
2025-05-25,2,2
2025-05-26,3,3
2025-05-26,0,0
2025-05-27,0,0
2025-05-27,0,0
2025-05-27,5,5
2025-05-27,11,12
2025-05-27,2,2
2025-05-28,2,2
2025-05-28,3,3
2025-05-29,0,0
2025-05-29,6,6
2025-05-29,6,6
2025-05-30,4,4
2025-05-30,4,4
2025-05-30,1,1
2025-05-30,0,0
2025-05-30,9,9
2025-05-30,6,6
2025-05-30,5,5
2025-05-30,4,4
2025-05-31,8,8
2025-05-31,17,17
2025-06-01,5,5
2025-06-01,1,1
2025-06-02,9,8
2025-06-02,4,4
2025-06-02,1,1
2025-06-02,6,6
2025-06-03,4,4
2025-06-03,3,3
2025-06-03,1,1
2025-06-03,8,8
2025-06-04,0,0
2025-06-04,3,3
2025-06-04,3,3
2025-06-05,0,0
2025-06-05,0,0
2025-06-05,12,12
2025-06-05,1,1
2025-06-05,2,2
2025-06-06,0,0
2025-06-06,2,2
2025-06-06,0,0
2025-06-06,6,6
2025-06-07,4,4
2025-06-07,5,5
2025-06-07,10,10
2025-06-07,2,2
2025-06-07,7,7
2025-06-07,15,14
2025-06-07,12,12
2025-06-07,16,17
2025-06-08,7,7
2025-06-08,1,1
2025-06-08,12,12
2025-06-08,4,4
2025-06-08,2,2
2025-06-08,0,0
2025-06-09,4,4
2025-06-10,0,0
2025-06-10,5,5
2025-06-11,4,4
2025-06-12,8,8
2025-06-12,6,6
2025-06-13,4,4
2025-06-13,6,6
2025-06-13,7,7
2025-06-14,0,0
2025-06-14,2,2
2025-06-14,5,5
2025-06-14,8,8
2025-06-14,9,9
2025-06-14,0,0
2025-06-14,8,8
2025-06-14,5,5
2025-06-14,4,4
2025-06-15,6,6
2025-06-15,8,8
2025-06-16,4,4
2025-06-16,4,4
2025-06-16,3,3
2025-06-16,0,0
2025-06-17,3,3
2025-06-17,0,0
2025-06-17,7,7
2025-06-18,6,6
2025-06-18,0,0
2025-06-18,2,2
2025-06-18,5,5
2025-06-18,4,4
2025-06-18,0,0
2025-06-18,5,5
2025-06-19,2,2
2025-06-19,3,3
2025-06-20,3,3
2025-06-21,4,4
2025-06-21,1,1
2025-06-21,3,3
2025-06-21,7,7
2025-06-22,1,1
2025-06-23,3,3
2025-06-23,1,1
2025-06-23,2,2
2025-06-23,0,0
2025-06-23,2,2
2025-06-24,3,3
2025-06-24,4,4
2025-06-24,3,3
2025-06-24,3,3
2025-06-24,2,2
2025-06-24,3,3
2025-06-25,0,0
2025-06-25,7,7
2025-06-25,3,3
2025-06-25,0,0
2025-06-25,4,4
2025-06-26,6,6
2025-06-26,0,0
2025-06-26,6,6
2025-06-26,3,3
2025-06-26,2,2
2025-06-26,7,7
2025-06-26,10,10
2025-06-26,9,9
2025-06-27,7,7
2025-06-27,0,0
2025-06-27,2,2
2025-06-27,3,3
2025-06-27,0,0
2025-06-27,7,7
2025-06-28,8,9
2025-06-28,6,6
2025-06-28,19,18
2025-06-28,8,8
2025-06-29,4,4
2025-06-29,5,5
2025-06-29,9,9
2025-06-29,2,2
2025-06-29,12,13
2025-07-01,3,3
2025-07-01,10,10
2025-07-01,2,2
2025-07-01,7,7
2025-07-01,4,4
2025-07-01,8,8
2025-07-02,5,5
2025-07-02,4,4
2025-07-02,3,3
2025-07-02,6,6
2025-07-02,5,5
2025-07-03,2,2
2025-07-03,5,5
2025-07-03,6,6
2025-07-03,0,0
2025-07-04,5,5
2025-07-05,7,7
2025-07-05,7,7
2025-07-05,0,0
2025-07-06,0,0
2025-07-06,2,2
2025-07-06,7,7
2025-07-07,2,2
2025-07-07,4,4
2025-07-07,0,0
2025-07-08,1,1
2025-07-08,3,3
2025-07-09,1,1
2025-07-09,10,10
2025-07-10,1,1
2025-07-10,0,0
2025-07-10,7,7
2025-07-10,2,2
2025-07-10,2,2
2025-07-10,7,7
2025-07-11,8,8
2025-07-11,6,6
2025-07-11,3,3
2025-07-12,3,3
2025-07-13,10,10
2025-07-13,12,12
2025-07-13,6,7
2025-07-14,3,3
2025-07-14,0,0
2025-07-14,6,6
2025-07-14,1,1
2025-07-14,4,4
2025-07-15,2,2
2025-07-15,3,3
2025-07-15,3,3
2025-07-15,2,2
2025-07-15,6,6
2025-07-16,6,6
2025-07-16,1,1
2025-07-16,1,1
2025-07-17,1,1
2025-07-17,2,2
2025-07-17,0,0
2025-07-17,4,4
2025-07-18,5,5
2025-07-18,2,2
2025-07-19,4,4
2025-07-19,11,11
2025-07-19,2,2
2025-07-20,4,4
2025-07-20,6,6
2025-07-20,1,1
2025-07-20,8,8
2025-07-21,6,6
2025-07-21,0,0
2025-07-21,4,4
2025-07-21,1,1
2025-07-22,0,0
2025-07-22,3,3
2025-07-22,0,0
2025-07-22,5,5
2025-07-22,4,4
2025-07-23,5,5
2025-07-23,0,0
2025-07-23,2,2
2025-07-23,1,1
2025-07-23,4,4
2025-07-24,7,7
2025-07-24,0,0
2025-07-24,7,7
2025-07-24,4,4
2025-07-25,3,3
2025-07-25,3,3
2025-07-25,4,4
2025-07-25,2,2
2025-07-25,0,0
2025-07-26,4,4
2025-07-26,0,0
2025-07-27,0,0
2025-07-27,22,22
2025-07-27,15,15
2025-07-27,6,6
2025-07-27,4,4
2025-07-28,10,10
2025-07-28,4,4
2025-07-29,11,11
2025-07-29,1,0
2025-07-29,0,0
2025-07-29,3,3
2025-07-30,4,4
2025-07-30,9,9
2025-07-31,10,10
2025-07-31,3,3
2025-07-31,12,12
2025-08-01,10,10
2025-08-01,3,3
2025-08-02,2,2
2025-08-02,6,6
2025-08-02,10,10
2025-08-03,1,1
2025-08-03,3,3
2025-08-03,4,4
2025-08-03,6,6
2025-08-04,6,6
2025-08-04,4,4
2025-08-04,1,1
2025-08-04,3,3
2025-08-04,4,4
2025-08-05,0,0
2025-08-05,2,2
2025-08-05,0,0
2025-08-05,5,5
2025-08-05,1,1
2025-08-06,5,5
2025-08-06,0,0
2025-08-06,0,0
2025-08-06,4,4
2025-08-07,0,0
2025-08-07,2,2
2025-08-07,3,3
2025-08-07,4,4
2025-08-07,4,4
2025-08-07,0,0
2025-08-07,4,4
2025-08-08,2,2
2025-08-08,5,5
2025-08-08,2,2
2025-08-08,5,5
2025-08-09,1,1
2025-08-09,13,13
2025-08-09,13,13
2025-08-09,6,6
2025-08-09,2,2
2025-08-09,2,2
2025-08-09,4,4
2025-08-09,14,14
2025-08-10,4,5
2025-08-10,13,14
2025-08-10,1,1
2025-08-10,10,10
2025-08-11,1,1
2025-08-11,5,5
2025-08-11,1,1
2025-08-12,3,3
2025-08-13,6,6
2025-08-13,3,3
2025-08-14,3,3
2025-08-14,7,7
2025-08-14,0,0
2025-08-14,3,3
2025-08-15,0,0
2025-08-15,0,0
2025-08-15,6,6
2025-08-16,2,2
2025-08-16,0,0
2025-08-16,2,2
2025-08-16,8,8
2025-08-16,0,0
2025-08-17,2,2
2025-08-17,6,6
2025-08-17,7,7
2025-08-18,3,3
2025-08-18,0,0
2025-08-18,1,1
2025-08-18,5,5
2025-08-19,2,2
2025-08-19,3,3
2025-08-19,0,0
2025-08-19,0,0
2025-08-19,2,2
2025-08-20,3,3
2025-08-20,3,3
2025-08-20,1,1
2025-08-20,1,1
2025-08-20,4,4
2025-08-20,5,5
2025-08-20,2,2
2025-08-20,0,0
2025-08-21,5,5
2025-08-21,4,4
2025-08-21,6,6
2025-08-21,0,0
2025-08-22,7,7
2025-08-22,13,13
2025-08-22,3,3
2025-08-22,16,16
2025-08-22,0,0
2025-08-22,1,1
2025-08-22,3,3
2025-08-22,0,0
2025-08-22,0,0
2025-08-22,0,0
2025-08-23,8,8
2025-08-23,5,5
2025-08-23,0,0
2025-08-24,19,19
2025-08-24,7,7
2025-08-24,3,3
2025-08-24,1,1
2025-08-25,7,7
2025-08-25,6,6
2025-08-26,6,6
2025-08-26,7,8
2025-08-26,5,5
2025-08-26,6,6
2025-08-26,7,7
2025-08-26,2,2
2025-08-26,7,7
2025-08-26,8,8
2025-08-27,1,1
2025-08-27,6,6
2025-08-27,5,5
2025-08-27,1,1
2025-08-27,3,3
2025-08-28,2,2
2025-08-28,1,1
2025-08-29,2,2
2025-08-29,4,4
2025-08-29,10,10
2025-08-29,1,1
2025-08-29,3,3
2025-08-29,1,1
2025-08-31,0,0
2025-08-31,2,2
2025-08-31,4,4
2025-08-31,0,0
2025-09-01,7,7
2025-09-01,13,13
2025-09-01,9,9
2025-09-02,5,5
2025-09-02,3,3
2025-09-02,2,2
2025-09-02,1,1
2025-09-02,0,0
2025-09-02,5,5
2025-09-03,3,3
2025-09-03,3,3
2025-09-03,0,0
2025-09-03,6,6
2025-09-04,2,2
2025-09-04,0,0
2025-09-04,6,6
2025-09-05,6,6
2025-09-05,6,6
2025-09-05,6,6
2025-09-06,9,9
2025-09-06,2,2
2025-09-06,13,13
2025-09-06,7,7
2025-09-06,2,2
2025-09-06,21,22
2025-09-06,12,12
2025-09-06,4,4
2025-09-06,4,4
2025-09-07,8,8
2025-09-07,6,6
2025-09-07,4,4
2025-09-07,18,19
2025-09-08,1,0
2025-09-08,3,3
2025-09-08,3,3
2025-09-09,1,1
2025-09-09,0,0
2025-09-09,1,1
2025-09-09,4,4
2025-09-09,4,4
2025-09-09,0,0
2025-09-10,4,4
2025-09-10,3,3
2025-09-10,0,0
2025-09-10,2,2
2025-09-10,0,0
2025-09-10,1,1
2025-09-11,1,1
2025-09-11,6,6
2025-09-11,5,5
2025-09-11,3,3
2025-09-12,5,5
2025-09-12,2,2
2025-09-12,3,3
2025-09-12,4,4
2025-09-12,7,7
2025-09-13,7,7
2025-09-13,4,4
2025-09-14,7,7
2025-09-14,6,6
2025-09-14,7,7
2025-09-14,14,14
2025-09-14,4,4
2025-09-14,1,1
2025-09-15,6,6
2025-09-15,0,0
2025-09-15,4,4
2025-09-15,3,3
2025-09-15,0,0
2025-09-15,2,2
2025-09-15,2,2
2025-09-16,3,3
2025-09-16,0,0
2025-09-17,3,3
2025-09-17,4,4
2025-09-17,7,7
2025-09-17,2,2
2025-09-18,2,2
2025-09-18,5,5
2025-09-18,3,3
2025-09-18,0,0
2025-09-18,1,1
2025-09-18,0,0
2025-09-19,3,3
2025-09-19,2,2
2025-09-19,11,11
2025-09-19,7,7
2025-09-19,2,2
2025-09-19,3,3
2025-09-19,3,3
2025-09-20,8,8
2025-09-20,2,2
2025-09-20,2,2
2025-09-20,4,4
2025-09-20,0,0
2025-09-20,6,6
2025-09-20,30,30
2025-09-20,2,1
2025-09-21,7,7
2025-09-21,0,0
2025-09-21,5,5
2025-09-21,13,13
2025-09-21,2,2
2025-09-21,1,1
2025-09-22,5,5
2025-09-22,4,4
2025-09-22,3,3
2025-09-22,1,1
2025-09-22,0,0
2025-09-23,6,6
2025-09-24,3,3
2025-09-24,8,8
2025-09-24,2,2
2025-09-24,3,3
2025-09-24,3,3
2025-09-25,1,1
2025-09-25,2,2
2025-09-25,4,4
2025-09-25,0,0
2025-09-25,8,8
2025-09-25,4,4
2025-09-26,3,3
2025-09-26,2,2
2025-09-26,0,0
2025-09-26,6,6
2025-09-27,1,1
2025-09-27,6,6
2025-09-27,9,10
2025-09-28,4,4
2025-09-28,24,24
2025-09-28,15,15
2025-09-28,21,22
2025-09-28,4,4
2025-09-29,7,7
2025-09-29,2,2
2025-09-29,4,4
2025-09-29,1,1
2025-09-29,4,4
2025-09-30,0,0
2025-09-30,2,2
2025-09-30,2,2
2025-10-01,0,0
2025-10-01,8,8
2025-10-01,3,3
2025-10-01,6,6
2025-10-01,2,2
2025-10-01,2,2
2025-10-01,5,5
2025-10-02,0,0
2025-10-02,2,2
2025-10-03,4,4
2025-10-03,5,5
2025-10-03,0,0
2025-10-03,0,0
2025-10-03,0,0
2025-10-03,3,3
2025-10-04,25,25
2025-10-05,8,8
2025-10-05,6,6
2025-10-05,2,2
2025-10-05,5,5
2025-10-05,4,4
2025-10-05,8,8
2025-10-05,2,2
2025-10-05,7,7
2025-10-05,11,11
2025-10-06,2,2
2025-10-06,0,0
2025-10-06,1,1
2025-10-06,3,3
2025-10-06,2,2
2025-10-07,1,1
2025-10-07,1,1
2025-10-07,0,0
2025-10-07,3,3
2025-10-07,2,2
2025-10-08,0,0
2025-10-08,6,6
2025-10-08,5,5
2025-10-08,3,3
2025-10-08,5,5
2025-10-08,1,1
2025-10-10,5,5
2025-10-10,5,5
2025-10-10,5,5
2025-10-10,3,3
2025-10-10,7,7
2025-10-11,2,2
2025-10-12,5,5
2025-10-12,2,2
2025-10-12,3,3
2025-10-12,7,7
2025-10-12,5,5
2025-10-12,2,2
2025-10-12,1,1
2025-10-12,7,7
2025-10-12,6,6
2025-10-13,3,3
2025-10-13,8,8
2025-10-13,1,1
2025-10-14,7,7
2025-10-14,3,3
2025-10-14,4,4
2025-10-14,3,3
2025-10-15,5,5
2025-10-15,0,0
2025-10-15,8,8
2025-10-15,5,5
2025-10-15,0,0
2025-10-16,0,0
2025-10-16,4,4
2025-10-16,0,0
2025-10-16,3,3
2025-10-17,9,9
2025-10-17,5,5
2025-10-17,2,2
2025-10-17,3,3
2025-10-17,3,3
2025-10-18,2,2
2025-10-18,6,6
2025-10-18,2,2
2025-10-18,9,9
2025-10-19,1,1
2025-10-19,7,7
2025-10-19,10,10
2025-10-19,7,7
2025-10-20,4,4
2025-10-20,0,0
2025-10-21,5,5
2025-10-21,3,3
2025-10-21,5,5
2025-10-22,3,3
2025-10-22,3,3
2025-10-22,1,1
2025-10-22,2,2
2025-10-23,1,1
2025-10-23,4,4
2025-10-24,2,2
2025-10-24,2,2
2025-10-24,5,5
2025-10-24,4,4
2025-10-24,8,8
2025-10-25,14,14
2025-10-25,4,4
2025-10-26,3,3
2025-10-26,5,5
2025-10-26,3,3
2025-10-27,2,2
2025-10-27,0,0
2025-10-27,2,2
2025-10-27,3,3
2025-10-28,4,4
2025-10-28,1,1
2025-10-28,3,3
2025-10-28,3,3
2025-10-29,0,0
2025-10-29,0,0
2025-10-29,1,1
2025-10-30,0,0
2025-10-30,1,1
2025-10-31,2,2
2025-10-31,3,3
2025-10-31,3,3
2025-10-31,9,9
2025-11-01,6,6
2025-11-01,0,0
2025-11-01,6,6
2025-11-01,1,1
2025-11-01,11,11
2025-11-01,4,4
2025-11-01,2,2
2025-11-01,5,5
2025-11-02,5,5
2025-11-02,1,1
2025-11-02,2,2
2025-11-02,2,2
2025-11-02,10,10
2025-11-02,3,3
2025-11-02,2,2
2025-11-03,3,3
2025-11-03,6,6
2025-11-03,1,1
2025-11-03,0,0
2025-11-03,1,1
2025-11-03,2,2
2025-11-04,0,0
2025-11-04,0,0
2025-11-04,0,0
2025-11-04,6,6
2025-11-04,3,3
2025-11-05,3,3
2025-11-06,0,0
2025-11-06,4,4
2025-11-06,1,1
2025-11-06,2,2
2025-11-06,2,2
2025-11-07,6,6
2025-11-07,2,2
2025-11-07,2,2
2025-11-08,9,9
2025-11-08,3,3
2025-11-08,4,4
2025-11-08,1,1
2025-11-08,3,3
2025-11-09,6,6
2025-11-09,24,24
2025-11-10,5,7
2025-11-10,1,1
2025-11-10,4,4
2025-11-10,2,2
2025-11-11,6,6
2025-11-11,5,5
2025-11-11,4,5
2025-11-11,3,3
2025-11-11,11,11
2025-11-12,2,2
2025-11-12,2,2
2025-11-12,3,3
2025-11-12,1,1
2025-11-12,2,2
2025-11-12,4,4
2025-11-12,2,2
2025-11-12,5,5
2025-11-12,2,2
2025-11-13,3,3
2025-11-13,0,0
2025-11-13,1,1
2025-11-14,7,7
2025-11-14,5,5
2025-11-14,0,0
2025-11-14,0,0
2025-11-14,0,0
2025-11-14,0,0
2025-11-14,4,4
2025-11-15,1,1
2025-11-15,1,1
2025-11-16,6,6
2025-11-16,10,10
2025-11-17,3,3
2025-11-17,2,2
2025-11-18,2,2
2025-11-18,2,2
2025-11-19,0,0
2025-11-19,0,0
2025-11-19,1,1
2025-11-19,0,0
2025-11-20,4,4
2025-11-20,4,4
2025-11-20,3,3
2025-11-20,9,9
2025-11-21,5,5
2025-11-21,4,4
2025-11-21,11,11
2025-11-21,2,2
2025-11-21,7,7
2025-11-21,3,3
2025-11-21,4,4
2025-11-21,4,4
2025-11-22,7,7
2025-11-22,8,8
2025-11-22,0,0
2025-11-22,2,2
2025-11-22,17,17
2025-11-23,14,14
2025-11-23,3,3
2025-11-24,2,2
2025-11-24,2,2
2025-11-25,2,2
2025-11-25,1,1
2025-11-25,1,0
2025-11-25,4,4
2025-11-25,3,3
2025-11-25,5,5
2025-11-26,3,3
2025-11-26,2,2
2025-11-26,0,0
2025-11-26,3,3
2025-11-26,2,2
2025-11-27,0,0
2025-11-27,3,3
2025-11-27,2,2
2025-11-27,3,3
2025-11-27,1,1
2025-11-27,9,9
2025-11-28,6,6
2025-11-28,1,1
2025-11-28,1,1
2025-11-28,6,6
2025-11-29,4,4
2025-11-29,8,8
2025-11-29,5,5
2025-11-30,1,1
2025-11-30,11,11
2025-11-30,12,12
2025-11-30,1,0
2025-11-30,2,2
2025-11-30,6,6
2025-12-01,3,3
2025-12-01,2,2
2025-12-01,2,2
2025-12-01,0,0
2025-12-01,8,8
2025-12-01,4,4
2025-12-01,2,2
2025-12-02,0,0
2025-12-02,3,3
2025-12-02,2,2
2025-12-02,4,4
2025-12-03,11,11
2025-12-03,4,4
2025-12-04,2,2
2025-12-05,2,2
2025-12-05,3,3
2025-12-05,13,13
2025-12-05,6,6
2025-12-05,4,4
2025-12-05,2,2
2025-12-06,1,1
2025-12-06,9,8
2025-12-06,4,4
2025-12-06,5,5
2025-12-06,5,5
2025-12-07,3,3
2025-12-07,10,10
2025-12-07,3,3
2025-12-08,10,10
2025-12-08,2,2
2025-12-08,5,5
2025-12-08,8,8
2025-12-08,3,3
2025-12-08,1,1
2025-12-08,3,3
2025-12-09,3,3
2025-12-09,2,2
2025-12-10,3,3
2025-12-10,6,6
2025-12-11,3,3
2025-12-11,1,1
2025-12-12,0,0
2025-12-12,27,28
2025-12-12,0,0
2025-12-12,0,0
2025-12-12,7,7
2025-12-12,2,2
2025-12-12,7,7
2025-12-12,3,3
2025-12-12,12,12
2025-12-12,3,3
2025-12-13,4,4
2025-12-13,16,17
2025-12-13,0,0
2025-12-13,18,20
2025-12-13,3,3
2025-12-13,6,6
2025-12-14,9,9
2025-12-14,2,2
2025-12-15,2,2
2025-12-15,3,3
2025-12-16,3,3
2025-12-16,0,0
2025-12-16,3,3
2025-12-16,5,5
2025-12-16,2,2
2025-12-16,0,0
2025-12-16,0,0
2025-12-17,0,0
2025-12-17,3,3
2025-12-17,1,1
2025-12-18,6,6
2025-12-18,6,6
2025-12-18,2,2
2025-12-18,0,0
2025-12-19,2,2
2025-12-19,3,3
2025-12-19,5,5
2025-12-19,7,7
2025-12-19,2,2
2025-12-20,3,3
2025-12-20,1,1
2025-12-20,7,7
2025-12-20,17,17
2025-12-21,4,4
2025-12-21,3,3
2025-12-21,10,10
2025-12-21,4,4
2025-12-22,3,3
2025-12-22,1,1
2025-12-22,2,2
2025-12-22,5,5
2025-12-23,2,2
2025-12-23,4,4
2025-12-23,3,3
2025-12-23,12,12
2025-12-23,0,0
2025-12-23,5,5
2025-12-23,5,5
2025-12-23,8,8
2025-12-24,1,1
2025-12-24,4,4
2025-12-24,13,14
2025-12-24,3,3
2025-12-24,7,7
2025-12-24,0,0
2025-12-24,1,1
2025-12-25,5,5
2025-12-25,2,2
2025-12-25,1,1
2025-12-25,0,0
2025-12-26,12,12
2025-12-26,1,1
2025-12-27,19,19
2025-12-27,6,6
2025-12-28,10,10
2025-12-28,29,28
2025-12-28,4,4
2025-12-28,1,1
2025-12-28,2,2
2025-12-29,7,7
2025-12-29,2,2
2025-12-29,5,5
2025-12-30,3,4
2025-12-30,0,0
2025-12-31,4,4
2025-12-31,4,4
